Variable A,Variable B,Variable C,Variable D,Variable E,Variable Y
NaN,3,1,1,0.3866,2
1,NaN,1,1,0.5759,2
1,2,NaN,1,0.062,2
5,3,5,NaN,0.2029,1
1,3,1,1,NaN,2
1,2,1,1,0.3949,2
1,2,1,1,0.9293,2
1,2,2,1,0.8503,2
1,1,2,1,0.6416,2
5,3,3,4,0.4017,1
5,1,3,4,0.9231,1
1,2,1,1,0.8623,2
1,2,2,1,0.4733,2
1,2,1,1,0.4769,2
1,2,1,1,0.2713,2
1,3,1,1,0.1125,2
5,3,4,4,0.9067,1
5,1,4,4,0.1772,1
1,3,2,1,0.4204,2
5,2,5,4,0.1513,1
1,2,2,1,0.1046,2
1,2,1,1,0.0539,2
1,1,2,1,0.1993,2
1,3,2,1,0.7266,2
5,1,5,4,0.9379,1
5,1,4,4,0.6959,1
1,2,2,1,0.7094,2
1,1,2,1,0.3429,2
1,3,2,1,0.5468,2
5,1,5,4,0.8045,1
1,2,2,1,0.0304,2
5,1,4,4,0.7313,1
1,1,2,1,0.5217,2
1,1,1,1,0.3443,2
1,2,2,1,0.9233,2
5,2,3,4,0.4644,1
1,2,1,1,0.0779,2
1,1,1,1,0.7928,2
1,1,2,1,0.4369,2
5,2,4,4,0.1305,1
5,1,3,4,0.4547,1
5,2,3,4,0.3923,1
5,3,3,4,0.6673,1
1,2,2,1,0.5923,2
5,1,3,4,0.2677,1
1,3,1,1,0.4025,2
1,3,2,1,0.8738,2
1,2,1,1,0.242,2
5,1,4,4,0.7013,1
1,3,2,1,0.9198,2
1,1,2,1,0.3766,2
1,3,2,1,0.4643,2
1,2,1,1,0.3364,2
1,3,1,1,0.5101,2
1,3,1,1,0.0051,2
5,3,4,4,0.3871,1
1,2,1,1,0.9881,2
5,3,5,4,0.6995,1
1,1,1,1,0.9099,2
1,2,2,1,0.6946,2
1,1,2,1,0.9853,2
5,1,4,4,0.9591,1
1,3,1,1,0.6861,2
1,2,2,1,0.7587,2
1,1,1,1,0.0034,2
1,3,1,1,0.7808,2
1,3,1,1,0.7124,2
1,3,2,1,0.7606,2
1,3,2,1,0.5027,2
1,1,2,1,0.1395,2
5,1,3,4,0.6968,1
1,1,1,1,0.1161,2
1,2,1,1,0.3124,2
1,2,2,1,0.5603,2
1,1,1,1,0.3541,2
1,3,2,1,0.4654,2
1,1,2,1,0.7611,2
1,3,1,1,0.7288,2
1,2,2,1,0.7891,2
5,3,4,4,0.9224,1
5,2,3,4,0.9985,1
1,3,2,1,0.2018,2
1,3,1,1,0.8259,2
5,1,3,4,0.322,1
1,1,1,1,0.4941,2
1,3,1,1,0.9587,2
1,1,1,1,0.4629,2
5,3,5,4,0.9102,1
1,3,2,1,0.5221,2
1,1,2,1,0.3586,2
1,1,2,1,0.9296,2
5,2,4,4,0.3897,1
1,2,1,1,0.5461,2
1,2,2,1,0.2597,2
5,1,4,4,0.0096,1
5,2,4,4,0.7318,1
1,1,2,1,0.1987,2
1,3,2,1,0.2075,2
1,1,1,1,0.0312,2
1,1,1,3,0.4435,2
5,3,3,4,0.3171,1
1,3,1,4,0.3874,2
5,1,3,3,0.1523,1
5,3,3,2,0.243,1
1,1,2,2,0.1136,2
1,1,1,5,0.6149,2
1,2,1,4,0.3284,2
1,3,1,2,0.4855,2
1,2,2,2,0.9295,2
1,3,2,4,0.2551,2
1,2,2,4,0.1593,2
1,3,1,5,0.7687,2
5,1,5,2,0.1446,1
5,2,3,5,0.837,1
1,1,2,3,0.3146,2
1,2,1,3,0.2455,2
1,2,2,3,0.3449,2
1,2,1,2,0.8402,2
1,1,2,2,0.749,2
1,2,1,5,0.9597,2
1,2,2,3,0.6451,2
1,1,2,3,0.9109,2
1,2,1,5,0.9296,2
5,3,3,4,0.0127,1
5,1,5,3,0.1811,1
1,1,2,2,0.7352,2
5,1,4,5,0.0691,1
1,1,1,3,0.7403,2
1,3,2,4,0.2798,2
5,1,4,5,0.1163,1
1,3,1,4,0.1425,2
1,1,2,5,0.2194,2
1,1,1,5,0.977,2
5,3,5,4,0.9482,1
5,3,3,4,0.5604,1
1,1,1,3,0.7114,2
1,1,1,3,0.3631,2
5,3,5,3,0.3725,1
1,3,2,3,0.0849,2
1,2,2,4,0.1701,2
5,3,5,5,0.5778,1
1,1,1,4,0.0349,2
1,2,1,4,0.1934,2
1,1,1,4,0.4633,2
1,3,2,5,0.333,2
1,1,1,4,0.6733,2
1,2,1,5,0.3603,2
1,2,1,5,0.8068,2
1,3,1,4,0.082,2
5,1,4,5,0.2411,1
1,2,2,2,0.1015,2
5,1,4,4,0.0635,1
1,3,1,4,0.2256,2
1,2,2,2,0.5242,2
1,3,1,3,0.3313,2
5,3,4,3,0.5153,1
5,1,4,5,0.1374,1
1,3,2,5,0.7797,2
1,1,1,2,0.1559,2
1,3,2,5,0.0734,2
5,2,4,4,0.376,1
1,2,2,5,0.8542,2
1,2,1,2,0.5324,2
5,3,3,3,0.326,1
5,1,4,5,0.9559,1
1,2,1,2,0.5556,2
1,1,2,3,0.5368,2
1,2,1,4,0.8831,2
5,3,4,5,0.0006,1
5,2,5,2,0.2528,1
1,2,2,5,0.3604,2
1,2,1,4,0.3362,2
1,3,2,5,0.6125,2
5,2,3,2,0.4458,1
5,2,5,4,0.5205,1
1,3,2,2,0.2513,2
5,2,5,5,0.368,1
1,1,2,2,0.8037,2
5,2,3,2,0.3603,1
5,1,4,2,0.6642,1
1,2,2,4,0.969,2
1,1,2,2,0.1884,2
1,1,2,4,0.2527,2
1,1,2,5,0.7356,2
1,2,2,4,0.3427,2
5,3,5,2,0.3533,1
5,3,4,3,0.6661,1
1,2,2,2,0.4521,2
1,3,2,5,0.4302,2
1,1,1,4,0.1436,2
5,3,4,2,0.3176,1
1,2,1,4,0.3941,2
1,2,2,4,0.7446,2
1,3,2,2,0.5684,2
5,1,3,3,0.515,1
1,1,2,2,0.946,2
1,2,2,5,0.961,2
1,1,1,5,0.893,2
5,3,3,2,0.4217,1
5,2,3,3,0.3939,1
1,1,1,2,0.5502,2
1,2,2,3,0.2753,2
5,3,4,5,0.787,1
1,3,2,4,0.6296,2
1,3,1,2,0.4987,2
5,1,5,3,0.6225,1
1,3,1,5,0.8085,2
1,1,1,3,0.5153,2
1,3,2,5,0.6558,2
1,1,2,2,0.7464,2
5,3,4,3,0.2703,1
1,1,2,3,0.7184,2
1,1,2,4,0.7568,2
1,3,2,3,0.9681,2
1,3,2,4,0.8646,2
1,1,2,5,0.489,2
1,3,2,2,0.265,2
5,2,4,2,0.8161,1
1,1,1,3,0.6139,2
1,3,2,3,0.3816,2
1,3,1,3,0.7538,2
1,2,2,5,0.5715,2
1,3,2,5,0.4697,2
5,1,5,2,0.2042,1
1,1,2,4,0.4025,2
1,1,2,2,0.8584,2
5,2,3,4,0.162,1
1,1,2,5,0.782,2
1,3,2,2,0.5889,2
1,2,2,2,0.5375,2
1,1,1,3,0.7545,2
1,2,1,4,0.7308,2
5,2,3,4,0.663,1
1,2,2,5,0.4955,2
1,3,2,4,0.0606,2
5,2,5,4,0.0419,1
5,2,3,2,0.3757,1
1,1,2,3,0.503,2
5,3,5,5,0.315,1
5,3,5,3,0.3953,1
5,1,4,4,0.1858,1
1,1,2,5,0.0342,2
1,2,2,4,0.893,2
5,2,3,3,0.9013,1
5,3,3,4,0.1908,1
1,2,2,4,0.6986,2
1,3,1,5,0.5777,2
1,1,2,3,0.1281,2
5,3,5,3,0.2508,1
5,2,4,2,0.7134,1
1,3,1,5,0.3793,2
1,1,2,4,0.857,2
1,2,1,3,0.4533,2
5,1,4,2,0.0246,1
1,3,2,5,0.3618,2
1,3,1,2,0.5746,2
1,1,1,4,0.42,2
1,1,2,4,0.8224,2
1,3,1,3,0.3514,2
1,3,1,3,0.1583,2
1,2,1,3,0.5276,2
1,1,1,3,0.6778,2
5,2,3,2,0.5412,1
1,2,1,4,0.1487,2
5,3,5,3,0.7636,1
1,2,2,4,0.6808,2
5,1,3,4,0.1057,1
1,2,1,2,0.5135,2
1,1,2,2,0.9449,2
5,1,4,5,0.9243,1
1,1,1,4,0.8994,2
1,3,1,3,0.7669,2
5,1,3,4,0.6893,1
1,3,2,5,0.6181,2
1,3,1,2,0.9226,2
5,1,4,5,0.6656,1
1,2,1,3,0.6871,2
5,3,5,4,0.4672,1
1,3,2,4,0.1492,2
1,1,1,3,0.6013,2
1,2,2,4,0.9203,2
1,2,2,5,0.8803,2
1,1,1,5,0.3895,2
1,3,2,4,0.7096,2
5,3,4,5,0.1381,1
1,2,2,3,0.5268,2
1,2,1,3,0.1775,2
1,3,2,5,0.8176,2
1,3,2,5,0.3837,2
5,1,4,3,0.2098,1
1,1,1,4,0.7818,2
5,1,4,3,0.8759,1
5,2,5,2,0.3634,1
1,3,2,5,0.9256,2
1,2,2,2,0.4869,2
1,3,1,3,0.6455,2
1,2,2,3,0.1154,2
1,3,2,5,0.2351,2
1,2,2,3,0.3799,2
1,2,2,4,0.3193,2
1,1,2,2,0.396,2
5,2,5,2,0.3721,1
5,1,5,5,0.6324,1
1,1,2,2,0.9718,2
1,3,2,3,0.7769,2
1,1,2,4,0.3922,2
5,3,5,2,0.1111,1
1,2,1,4,0.7289,2
1,3,2,3,0.7017,2
5,1,3,2,0.5905,1
1,3,1,5,0.1813,2
1,3,2,2,0.9424,2
1,3,1,5,0.5691,2
1,1,2,3,0.25,2
1,3,1,3,0.2739,2
1,2,2,4,0.2305,2
1,3,2,5,0.9966,2
1,2,2,5,0.4017,2
1,2,1,2,0.6551,2
1,3,1,3,0.2125,2
1,2,2,5,0.8182,2
1,1,1,3,0.2473,2
5,2,3,5,0.3646,1
1,1,1,2,0.7733,2
1,1,2,5,0.1645,2
1,3,1,4,0.7657,2
1,3,1,3,0.9017,2
1,2,1,3,0.6223,2
1,3,1,3,0.9577,2
5,1,5,2,0.0209,1
5,1,3,2,0.6484,1
1,3,1,5,0.6264,2
5,1,4,2,0.6753,1
5,1,5,2,0.6946,1
1,1,1,4,0.5187,2
1,3,2,5,0.6072,2
1,2,2,4,0.16,2
1,3,1,4,0.3918,2
5,2,3,3,0.4301,1
1,3,1,4,0.2606,2
1,3,1,3,0.9317,2
1,1,1,3,0.2341,2
1,2,1,4,0.9044,2
5,3,4,2,0.5816,1
1,1,2,3,0.8259,2
5,2,4,3,0.751,1
1,1,2,5,0.7549,2
1,1,2,5,0.6381,2
5,2,3,2,0.7978,1
5,1,5,2,0.6921,1
1,2,1,2,0.1881,2
5,2,4,3,0.8339,1
5,1,4,2,0.6723,1
5,1,3,2,0.651,1
1,3,2,2,0.0378,2
5,3,4,2,0.2694,1
1,3,1,4,0.0451,2
1,2,1,4,0.6741,2
1,1,1,5,0.0442,2
1,3,2,2,0.6543,2
1,3,2,2,0.7037,2
5,1,5,4,0.6058,1
5,1,3,2,0.2418,1
1,3,1,2,0.6712,2
1,3,2,5,0.6689,2
1,1,2,2,0.8518,2
5,2,4,4,0.1971,1
5,1,5,2,0.7838,1
1,3,1,5,0.5611,2
5,3,3,4,0.2608,1
5,1,4,4,0.5033,1
5,1,4,2,0.131,1
5,1,4,4,0.6679,1
5,2,4,3,0.0388,1
1,2,2,3,0.2746,2
5,3,3,4,0.0715,1
1,2,2,5,0.1648,2
1,1,1,4,0.772,2
5,2,5,4,0.4562,1
1,2,2,5,0.909,2
1,2,2,3,0.9403,2
5,2,4,4,0.5477,1
1,2,1,5,0.2042,2
1,2,2,3,0.4812,2
5,3,5,4,0.5313,1
5,2,4,2,0.2686,1
1,2,1,2,0.5782,2
1,1,1,2,0.216,2
5,2,5,2,0.4294,1
5,3,4,4,0.3492,1
5,1,5,4,0.7717,1
1,2,2,3,0.4577,2
1,3,2,4,0.5779,2
1,1,2,2,0.4482,2
1,1,2,3,0.2709,2
5,3,5,2,0.0201,1
1,1,2,2,0.8972,2
5,1,4,4,0.4042,1
5,1,3,4,0.3291,1
1,2,1,3,0.769,2
1,2,2,5,0.949,2
5,1,4,5,0.8296,1
5,2,4,5,0.76,1
1,3,2,5,0.6058,2
5,3,4,2,0.032,1
1,2,1,2,0.2224,2
1,2,2,3,0.7751,2
1,1,1,2,0.3297,2
5,3,5,2,0.3649,1
1,2,2,5,0.3448,2
1,2,2,3,0.0455,2
5,2,4,4,0.0339,1
1,2,2,3,0.1052,2
1,3,1,3,0.7857,2
1,1,2,5,0.0897,2
5,1,5,4,0.0781,1
5,3,5,2,0.4977,1
5,1,5,2,0.477,1
1,3,1,2,0.4716,2
1,1,1,3,0.946,2
5,3,4,4,0.3718,1
5,2,3,3,0.7272,1
5,3,4,2,0.6905,1
1,1,2,3,0.392,2
1,1,1,2,0.8063,2
1,2,1,4,0.271,2
1,3,2,2,0.8773,2
1,1,2,4,0.129,2
5,1,4,2,0.4815,1
1,3,2,2,0.3595,2
1,3,2,2,0.0114,2
1,2,2,2,0.9511,2
1,2,1,4,0.0886,2
1,2,2,2,0.5023,2
5,1,4,4,0.5981,1
1,2,2,4,0.6387,2
1,3,1,3,0.9344,2
5,1,3,2,0.9471,1
5,3,5,2,0.5693,1
1,3,1,5,0.1993,2
1,3,2,5,0.5424,2
1,1,1,2,0.0148,2
1,1,2,3,0.5348,2
1,2,2,3,0.1728,2
5,2,5,3,0.3021,1
5,1,4,4,0.224,1
5,3,4,3,0.2262,1
1,2,1,5,0.5441,2
5,1,4,5,0.5954,1
1,3,2,3,0.4732,2
1,2,2,5,0.8074,2
5,2,4,2,0.9707,1
5,1,5,2,0.1984,1
5,1,4,2,0.9663,1
1,2,2,4,0.826,2
1,1,2,2,0.1707,2
5,2,3,5,0.5116,1
1,1,1,2,0.185,2
1,3,1,3,0.8285,2
5,1,5,5,0.4014,1
1,1,1,2,0.1391,2
1,3,2,5,0.6813,2
5,2,3,4,0.5537,1
1,3,2,4,0.6327,2
5,3,4,5,0.6103,1
1,1,1,2,0.4603,2
5,3,4,3,0.5092,1
5,3,5,5,0.8121,1
1,3,1,5,0.3486,2
5,1,4,4,0.18,1
1,1,2,5,0.0949,2
5,1,4,5,0.876,1
5,2,5,2,0.1579,1
5,3,4,4,0.9113,1
5,2,4,3,0.8689,1
5,3,3,2,0.0245,1
1,1,2,4,0.8465,2
1,3,2,5,0.5774,2
5,3,4,3,0.9457,1
1,1,2,3,0.3491,2
1,2,2,5,0.8137,2
1,1,1,4,0.0588,2
1,1,1,3,0.3141,2
5,3,4,3,0.8822,1
1,2,1,2,0.9903,2
1,3,2,5,0.7746,2
1,3,1,2,0.7779,2
1,2,2,3,0.3356,2
5,1,4,4,0.9598,1
1,3,2,4,0.8757,0
5,2,4,3,0.2735,1
1,3,1,4,0.9999,0
1,3,1,5,0.7672,0
1,1,1,3,0.8802,0
5,2,3,5,0.3487,1
1,3,1,4,0.6176,0
1,3,2,3,0.4847,0
5,3,3,4,0.0274,1
1,3,2,3,0.4373,0
1,1,1,3,0.3204,0
1,2,1,2,0.9788,0
1,1,2,2,0.3284,0
1,2,1,5,0.3543,0
1,1,2,2,0.2696,0
1,1,2,3,0.2154,0
5,1,5,2,0.9837,1
5,2,4,2,0.385,1
1,2,2,4,0.9207,0
1,2,1,4,0.649,0
5,1,4,3,0.0269,1
1,1,1,3,0.903,0
1,3,1,2,0.7178,0
1,1,2,5,0.6358,0
1,2,1,5,0.2393,0
1,2,1,2,0.8749,0
1,1,1,2,0.1345,0
5,1,5,4,0.8134,1
1,3,1,3,0.146,0
5,3,3,5,0.1675,1
5,1,4,2,0.9529,1
1,3,1,4,0.2415,0
1,3,2,3,0.5817,0
1,2,1,4,0.8723,0
1,1,1,2,0.8978,0
5,2,3,5,0.7038,1
5,2,4,2,0.5719,1
1,2,1,3,0.4991,0
1,3,2,4,0.3213,0
1,1,2,4,0.3466,0
1,3,2,3,0.9228,0
1,3,1,2,0.7264,0
1,2,2,2,0.8745,0
5,3,4,3,0.6709,1
1,3,1,2,0.0833,0
1,1,2,3,0.4224,0
1,1,2,4,0.8929,0
5,1,5,3,0.6878,1
1,3,2,3,0.2173,0
1,2,1,2,0.386,0
5,3,5,2,0.4907,1
5,3,3,4,0.7301,1
1,3,1,2,0.3555,0
1,3,2,4,0.5808,0
1,2,2,3,0.879,0
5,1,4,2,0.7395,1
1,3,2,5,0.6127,0
1,1,1,4,0.5928,0
1,2,1,3,0.8309,0
1,2,1,4,0.715,0
1,3,2,5,0.6283,0
1,2,2,3,0.5299,0
5,1,5,5,0.873,1
1,2,1,4,0.9159,0
1,1,1,4,0.8565,0
1,2,2,2,0.6651,0
5,1,3,2,0.6721,1
1,3,1,4,0.802,0
1,1,1,2,0.6149,0
5,1,5,4,0.4385,1
1,1,2,4,0.4327,0
5,2,5,5,0.3278,1
1,3,2,2,0.4994,0
1,2,1,3,0.6151,0
1,2,1,5,0.0359,0
1,1,1,4,0.4704,0
1,3,2,2,0.2636,0
1,3,2,3,0.6955,0
5,1,4,5,0.0439,1
1,1,1,3,0.6529,0
1,1,2,2,0.839,0
1,1,2,2,0.0398,0
5,1,3,4,0.3573,1
5,2,3,4,0.1443,1
1,3,1,2,0.584,0
1,2,1,4,0.0269,0
1,3,2,3,0.3773,0
5,3,5,3,0.7224,1
1,3,1,2,0.8094,0
1,3,1,3,0.7745,0
1,2,1,5,0.6271,0
1,1,2,3,0.8707,0
1,2,1,3,0.7816,0
5,1,4,4,0.6769,1
1,3,1,3,0.0352,0
1,2,2,2,0.7463,0
5,2,5,2,0.2276,1
5,2,3,2,0.6718,1
5,2,3,5,0.539,1
1,1,1,4,0.1967,0
5,1,3,2,0.4055,1
5,2,3,5,0.3292,1
1,3,1,3,0.6663,0
1,1,1,2,0.0813,0
5,3,3,4,0.8756,1
5,3,5,3,0.4554,1
1,3,2,5,0.6816,0
1,3,2,5,0.0697,0
1,2,2,4,0.1644,0
1,2,2,3,0.5737,0
1,1,1,4,0.0908,0
1,3,1,5,0.1803,0
1,1,2,4,0.6812,0
1,2,1,3,0.6612,0
5,1,5,2,0.9977,1
1,1,1,3,0.4621,0
5,2,4,4,0.4632,1
5,3,5,4,0.4363,1
1,2,1,4,0.2943,0
5,2,5,4,0.3904,1
1,2,2,4,0.1493,0
5,1,5,3,0.2262,1
1,2,1,5,0.1838,0
5,2,5,5,0.6872,1
5,1,4,2,0.2842,1
1,1,1,5,0.9496,0
5,3,3,4,0.9215,1
1,1,1,3,0.2899,0
5,1,3,2,0.2206,1
1,2,2,3,0.4733,0
1,3,1,5,0.8672,0
5,1,5,2,0.4951,1
1,3,2,3,0.2312,0
1,1,2,2,0.0848,0
5,2,4,2,0.324,1
5,3,3,5,0.9123,1
1,2,1,2,0.0918,0
5,2,5,3,0.3341,1
1,1,1,4,0.956,0
5,2,3,2,0.9289,1
1,1,1,4,0.4444,0
5,3,5,3,0.3065,1
5,1,3,2,0.745,1
1,3,2,4,0.6795,0
1,2,1,4,0.3106,0
2,1,5,4,0.8704,1
5,1,2,4,0.3202,0
5,3,4,5,0.4658,1
3,1,2,4,0.4283,0
5,3,1,2,0.918,0
4,2,1,5,0.5377,0
2,1,4,5,0.6062,1
1,3,5,2,0.5547,1
2,2,1,2,0.9728,0
1,3,2,5,0.8306,0
4,1,3,4,0.1656,1
5,3,1,3,0.4063,0
2,3,2,5,0.9135,0
1,1,1,4,0.0924,0
4,2,1,4,0.7394,0
4,1,1,3,0.952,0
4,2,5,5,0.7435,1
1,2,3,4,0.938,1
2,2,1,2,0.3583,0
2,1,1,5,0.4099,0
3,1,1,3,0.0112,0
2,2,2,3,0.3442,0
3,3,5,5,0.8974,1
1,2,4,2,0.5309,1
5,2,5,4,0.2977,1
3,1,2,3,0.0683,0
1,1,4,4,0.3705,1
3,1,2,4,0.5922,0
4,3,3,5,0.1659,1
1,3,1,5,0.9467,0
3,1,1,4,0.8213,0
2,2,2,3,0.6794,0
5,1,1,2,0.7793,0
1,2,4,4,0.006,1
2,3,1,2,0.3046,0
4,3,1,3,0.7896,0
2,1,3,4,0.0371,1
2,2,1,4,0.1297,0
2,1,4,4,0.5432,1
4,1,2,5,0.6095,0
4,3,5,2,0.0158,1
5,1,1,4,0.0068,0
3,1,2,2,0.2014,0
1,2,4,5,0.6203,1
3,3,3,2,0.0146,1
3,2,2,5,0.8026,0
1,2,2,4,0.7125,0
1,2,1,4,0.4812,0
1,3,2,3,0.8036,0
2,1,2,3,0.57,0
4,2,2,4,0.8559,0
5,2,2,3,0.8654,0
3,1,2,4,0.8332,0
4,3,1,4,0.3011,0
5,1,2,2,0.36,0
2,2,1,2,0.6921,0
1,2,2,3,0.2724,0
4,3,5,4,0.3706,1
4,1,4,4,0.9368,1
1,2,2,4,0.3027,0
1,1,5,5,0.0171,1
5,3,1,3,0.2016,0
2,3,1,4,0.7396,0
3,3,2,4,0.8457,0
2,1,4,4,0.8784,1
4,2,1,5,0.7,0
1,3,2,2,0.1586,0
5,2,2,5,0.1126,0
3,2,1,3,0.7971,0
1,3,5,3,0.7387,1
3,1,2,3,0.5292,0
1,3,3,5,0.7073,1
1,2,2,5,0.5332,0
4,2,1,5,0.7873,0
5,3,2,3,0.2431,0
5,1,2,3,0.974,0
3,2,1,5,0.2044,0
3,2,1,2,0.9869,0
5,1,4,3,0.6482,1
2,2,4,4,0.7803,1
5,1,1,5,0.2286,0
4,3,3,5,0.8401,1
4,2,1,2,0.1843,0
3,3,2,3,0.2722,0
1,1,2,5,0.4922,0
1,2,3,3,0.5578,1
2,3,4,3,0.1883,1
1,1,5,5,0.3782,1
2,2,3,4,0.4118,1
5,1,1,2,0.8461,0
4,1,1,2,0.4964,0
4,2,1,5,0.5841,0
5,1,2,4,0.0254,0
1,2,3,2,0.8133,1
3,1,2,4,0.1698,0
5,3,3,3,0.3522,1
3,2,1,4,0.9571,0
4,1,2,4,0.5277,0
2,2,1,3,0.7722,0
4,3,1,4,0.1987,0
4,2,2,5,0.2547,0
3,2,5,5,0.5148,1
2,3,1,2,0.4788,0
1,3,4,2,0.4777,1
3,2,1,3,0.3773,0
4,1,2,2,0.8063,0
2,3,1,3,0.9584,0
3,3,5,3,0.8632,1
1,3,2,4,0.5379,0
4,1,2,3,0.3459,0
4,2,2,4,0.5171,0
4,2,4,4,0.2107,1
5,1,1,2,0.9179,0
2,2,2,4,0.5429,0
1,2,1,4,0.1208,0
3,2,1,5,0.2264,0
1,3,1,3,0.5951,0
5,3,1,2,0.0575,0
3,3,2,2,0.0234,0
2,2,5,5,0.1118,1
4,1,1,4,0.8706,0
2,2,1,4,0.5843,0
4,2,4,4,0.8403,1
3,1,2,3,0.96,0
5,2,1,5,0.7751,0
3,2,3,5,0.6136,1
3,1,3,5,0.9797,1
1,1,5,3,0.5689,1
2,3,5,5,0.9695,1
3,1,2,3,0.9484,0
1,2,2,2,0.2211,0
2,1,2,4,0.1876,0
2,2,2,3,0.1722,0
4,2,4,4,0.4472,1
4,3,2,5,0.303,0
2,2,2,4,0.3858,0
5,3,1,5,0.6897,0
5,3,5,2,0.0934,1
3,3,1,3,0.7889,0
5,1,2,5,0.0495,0
5,1,1,2,0.6914,0
2,3,1,5,0.8637,0
3,1,2,2,0.4755,0
5,1,1,5,0.0955,0
3,3,2,5,0.7299,0
2,3,3,3,0.0602,1
1,1,1,3,0.6732,0
3,1,4,2,0.4514,1
5,2,2,4,0.874,0
4,1,5,3,0.9368,1
4,3,2,2,0.6578,0
1,1,1,3,0.0608,0
3,1,2,5,0.3067,0
4,3,3,2,0.0665,1
2,1,3,2,0.3368,1
4,2,1,2,0.9585,0
4,1,1,2,0.3848,0
2,2,2,5,0.5762,0
4,3,1,2,0.2391,0
1,3,2,5,0.0124,0
2,1,2,3,0.8497,0
4,1,2,5,0.9456,0
4,3,5,3,0.9473,1
1,2,1,4,0.9,0
2,3,2,3,0.2495,0
4,1,1,5,0.9801,0
4,1,1,2,0.2534,0
2,3,1,3,0.3145,0
5,3,5,5,0.5543,1
1,1,1,2,0.0854,0
2,1,2,5,0.8796,0
5,2,1,4,0.1281,0
3,1,1,2,0.9368,0
4,3,1,3,0.5995,0
4,2,1,5,0.5416,0
2,3,4,2,0.8339,1
3,1,5,3,0.3027,1
5,3,2,4,0.2105,0
5,1,5,5,0.5142,1
2,3,4,4,0.0471,1
2,2,1,2,0.5666,0
2,3,3,5,0.7309,1
5,2,1,5,0.0633,0
5,3,5,5,0.7881,1
2,3,4,3,0.0678,1
4,3,1,2,0.2689,0
1,2,3,4,0.9458,1
2,1,4,2,0.7789,1
5,3,4,3,0.1434,1
4,3,2,2,0.4967,0
5,3,1,5,0.0559,0
5,3,1,3,0.1489,0
2,1,1,3,0.4913,0
5,2,4,2,0.0891,1
1,2,1,4,0.9817,0
1,2,5,2,0.5873,1
1,1,2,5,0.1635,0
2,2,1,2,0.6155,0
4,1,3,3,0.5007,1
4,3,2,5,0.4913,0
4,2,2,4,0.6258,0
3,1,1,4,0.217,0
2,3,2,4,0.5306,0
1,3,2,3,0.0795,0
2,3,2,4,0.8586,0
2,1,3,5,0.1343,1
1,2,1,4,0.6798,0
5,1,2,3,0.2479,0
2,2,5,4,0.242,1
5,1,1,3,0.0237,0
2,1,2,5,0.0709,0
2,1,2,2,0.5177,0
2,2,5,5,0.3528,1
2,3,5,2,0.9999,1
5,2,5,4,0.5434,1
1,2,4,5,0.1502,1
2,3,4,5,0.2165,1
3,2,3,4,0.3725,1
1,3,5,2,0.4493,1
2,3,4,3,0.2976,1
4,2,2,2,0.6484,0
1,2,1,3,0.0534,0
3,2,3,2,0.3719,1
2,2,3,5,0.8592,1
2,2,5,2,0.6927,1
3,1,2,2,0.274,0
1,1,3,2,0.8707,1
4,2,3,4,0.8218,1
5,2,5,3,0.7285,1
5,3,2,5,0.5391,0
2,1,3,5,0.5286,1
3,3,5,5,0.5362,1
3,2,1,2,0.4033,0
5,1,4,5,0.106,1
3,1,1,4,0.5052,0
5,3,2,2,0.7919,0
5,1,3,2,0.7916,1
3,3,3,4,0.4214,1
4,2,2,4,0.8314,0
1,3,1,2,0.5879,0
4,2,2,4,0.1409,0
4,3,4,3,0.2709,1
2,3,3,3,0.6782,1
3,1,1,2,0.4528,0
3,3,2,2,0.5717,0
3,1,2,2,0.6058,0
3,1,2,4,0.2465,0
2,2,5,4,0.7583,1
2,1,5,3,0.781,1
1,1,3,3,0.788,1
5,3,5,5,0.6539,1
3,1,1,3,0.7132,0
4,1,1,2,0.0314,0
3,3,1,5,0.745,0
1,1,3,5,0.9767,1
5,3,2,3,0.9302,0
3,1,2,2,0.6195,0
4,2,4,2,0.3166,1
5,3,1,3,0.1325,0
2,3,2,5,0.399,0
1,3,2,5,0.6859,0
1,1,2,5,0.8859,0
3,2,3,3,0.2403,1
2,3,2,3,0.7596,0
3,1,2,5,0.6087,0
2,3,5,5,0.5706,1
3,1,3,3,0.1579,1
5,2,2,5,0.2646,0
4,1,4,5,0.75,1
4,2,1,3,0.9939,0
4,2,4,4,0.7403,1
1,1,1,5,0.8372,0
5,1,2,5,0.2367,0
2,3,1,5,0.5037,0
5,3,2,5,0.8186,0
2,2,1,4,0.7063,0
1,2,4,3,0.9924,1
2,3,2,5,0.7686,0
3,1,2,3,0.7533,0
4,3,2,4,0.5161,0
2,2,2,2,0.4729,0
2,1,1,5,0.8803,0
4,3,4,4,0.9727,1
5,3,1,3,0.5406,0
4,1,2,2,0.6067,0
5,3,2,3,0.6287,0
4,3,3,4,0.1215,1
4,1,1,4,0.4504,0
4,3,2,3,0.0651,0
4,2,2,4,0.1193,0
4,2,2,3,0.6534,0
3,3,2,5,0.366,0
1,1,5,3,0.1093,1
1,1,2,5,0.7316,0
1,3,5,2,0.217,1
5,3,2,4,0.7409,0
4,2,5,5,0.2423,1
3,3,1,2,0.4773,0
4,1,3,4,0.6309,1
5,2,5,5,0.5561,1
4,1,1,4,0.5528,0
3,3,3,3,0.9641,1
3,2,2,4,0.8401,0
2,1,1,5,0.8154,0
3,2,3,4,0.728,1
4,2,2,5,0.3161,0
1,1,1,5,0.724,0
5,1,3,3,0.6426,1
1,1,2,2,0.0741,0
2,1,2,2,0.8772,0
1,1,5,2,0.8326,1
1,1,1,4,0.6142,0
4,2,1,2,0.3847,0
5,2,1,3,0.6346,0
1,1,1,5,0.1465,0
4,3,2,4,0.3992,0
5,3,2,4,0.8158,0
2,3,5,4,0.7452,1
3,1,4,3,0.0216,1
5,2,2,2,0.9537,0
2,1,1,5,0.2645,0
3,1,1,4,0.8791,0
5,2,2,4,0.0444,0
4,1,2,3,0.1314,0
3,2,1,4,0.8202,0
3,3,2,5,0.093,0
1,2,3,5,0.8538,1
2,3,1,2,0.5483,0
5,1,1,5,0.2112,0
4,2,1,3,0.8388,0
4,3,2,5,0.4536,0
2,1,1,5,0.2903,0
4,1,1,4,0.7915,0
5,1,1,4,0.8375,0
2,1,1,3,0.8995,0
1,3,5,4,0.2671,1
1,1,1,4,0.3522,0
5,3,2,2,0.6626,0
4,2,1,4,0.2934,0
5,1,3,2,0.2936,1
1,3,2,3,0.7,0
5,1,2,2,0.4324,0
4,1,3,4,0.957,1
2,3,3,2,0.2605,1
2,2,2,5,0.3802,0
1,3,2,3,0.6728,0
4,1,2,3,0.8142,0
1,2,4,4,0.9253,1
5,2,4,2,0.7584,1
3,3,2,4,0.4549,0
4,2,1,4,0.2466,0
3,2,1,2,0.9853,0
1,3,1,2,0.8095,0
5,3,3,4,0.8729,1
2,1,5,4,0.9344,1
5,1,5,4,0.9577,1
2,2,1,4,0.642,0
5,2,1,4,0.4949,0
4,1,3,5,0.0694,1
5,1,1,3,0.8946,0
3,2,5,3,0.1126,1
NaN,2,2,2,0.6128,0
4,NaN,4,4,0.1583,1
1,1,NaN,2,0.9457,0
3,3,1,NaN,0.2085,0
5,3,1,4,NaN,0
